<?xml version="1.0" encoding="UTF-8"?>
<!--Sample XML file generated by XMLSpy v2006 rel. 3 sp1 (http://www.altova.com)-->
<ServiceExposures xmlns:xsi="http://www.w3.org/2001/XMLSchema-instance" xsi:noNamespaceSchemaLocation="https://scmapp.eezone.bt.com/webservices/www.ee.co.uk/common/servicecatalog/1.0/ServiceCatalogEntry.xsd">
  <service id="Account-1_0" baseURI="/service/Account-1_0" domainId="XCRM" system="EESEL">
    <endPoint type="SOAP" protocol="http">
      <provider>EXC-CRM2-FS</provider>
      <urlRewrite>/CRMExc_Account_1_1/Account</urlRewrite>
      <timeout>30</timeout>
    </endPoint>
    <grammar href="www.everythingeverywhere.com/crm/excalibur/service/Account/1.0/Account.wsdl"/>
    <sslRequired>false</sslRequired>
    <SLMPolicy type="ConcurrentTransactions" warning="294" action="throttle" maximum="325"/>
    <CachePolicy/>
    <SOAP_operations>
      <operation id="createPaymAccount" match="{http://www.everythingeverywhere.com/crm/excalibur/service/Account/AccountRequest/v1.0}createPaymAccount"/>
      <operation id="getAccountNumber" match="{http://www.everythingeverywhere.com/crm/excalibur/service/Account/AccountRequest/v1.0}getAccountNumber"/>
      <operation id="getAccount" match="{http://www.everythingeverywhere.com/crm/excalibur/service/Account/AccountRequest/v1.0}getAccount"/>
      <operation id="checkCustomerCreditScore" match="{http://www.everythingeverywhere.com/crm/excalibur/service/Account/AccountRequest/v1.0}checkCustomerCreditScore"/>
      <operation id="getSubscribers" match="{http://www.everythingeverywhere.com/crm/excalibur/service/Account/AccountRequest/v1.0}getSubscribers"/>
      <operation id="getBillingEntities" match="{http://www.everythingeverywhere.com/crm/excalibur/service/Account/AccountRequest/v1.0}getBillingEntities"/>
      <operation id="getPaymentHistory" match="{http://www.everythingeverywhere.com/crm/excalibur/service/Account/AccountRequest/v1.0}getPaymentHistory"/>
      <operation id="updateCustomerContactDetails" match="{http://www.everythingeverywhere.com/crm/excalibur/service/Account/AccountRequest/v1.0}updateCustomerContactDetails"/>
      <operation id="updateCustomerAddress" match="{http://www.everythingeverywhere.com/crm/excalibur/service/Account/AccountRequest/v1.0}updateCustomerAddress"/>
      <operation id="createPaygAccount" match="{http://www.everythingeverywhere.com/crm/excalibur/service/Account/AccountRequest/v1.0}createPaygAccount"/>
      <operation id="createTemporaryTelephoneNumber" match="{http://www.everythingeverywhere.com/crm/excalibur/service/Account/AccountRequest/v1.0}createTemporaryTelephoneNumber"/>
      <operation id="getServiceControls" match="{http://www.everythingeverywhere.com/crm/excalibur/service/Account/AccountRequest/v1.0}getServiceControls"/>
      <operation id="getBilledUsage" match="{http://www.everythingeverywhere.com/crm/excalibur/service/Account/AccountRequest/v1.0}getBilledUsage"/>
      <operation id="deleteTemporaryTelephoneNumber" match="{http://www.everythingeverywhere.com/crm/excalibur/service/Account/AccountRequest/v1.0}deleteTemporaryTelephoneNumber"/>
      <operation id="processChargebackOnAccount" match="{http://www.everythingeverywhere.com/crm/excalibur/service/Account/AccountRequest/v1.0}processChargebackOnAccount"/>
      <operation id="takeOrderPayment" match="{http://www.everythingeverywhere.com/crm/excalibur/service/Account/AccountRequest/v1.0}takeOrderPayment"/>
      <!-- Added as part of Colorado-DE Project -->
      <operation id="getOrderHistory" match="{http://www.everythingeverywhere.com/crm/excalibur/service/Account/AccountRequest/v1.0}getOrderHistory"/>
      <!-- Added as part of Colorado ATP Project -->
      <operation id="createEquipmentOrderHistory" match="{http://www.everythingeverywhere.com/crm/excalibur/service/Account/AccountRequest/v1.0}createEquipmentOrderHistory"/>
      <operation id="activateInLifeOffer" match="{http://www.everythingeverywhere.com/crm/excalibur/service/Account/AccountRequest/v1.0}activateInLifeOffer"/>
      <!-- Security Uplifted -->
      <operation id="setAccountAuthenticationPassword" match="{http://www.everythingeverywhere.com/crm/excalibur/service/Account/AccountRequest/v1.0}setAccountAuthenticationPassword"/>
      <operation id="validateAuthenticationPassword" match="{http://www.everythingeverywhere.com/crm/excalibur/service/Account/AccountRequest/v1.0}validateAuthenticationPassword"/>
    </SOAP_operations>
    <payloadLog/>
  </service>
  <!--BT Service Expsoure - autogenerated -->
  <service system="BTSEL" domainId="XCRM" id="Account-1_0" baseURI="/service/Account-1_0">
    <endPoint type="SOAP" protocol="http">
      <provider>EXC-CRM2-FS</provider>
      <urlRewrite>/CRMExc_Account_1_1/Account</urlRewrite>
      <timeout>32</timeout>
    </endPoint>
    <grammar href="www.everythingeverywhere.com/crm/excalibur/service/Account/1.0/Account.wsdl"/>
    <sslRequired>true</sslRequired>
    <SLMPolicy type="ConcurrentTransactions" warning="294" action="throttle" maximum="325"/>
    <CachePolicy/>
    <SOAP_operations>
      <operation id="createPaymAccount" match="{http://www.everythingeverywhere.com/crm/excalibur/service/Account/AccountRequest/v1.0}createPaymAccount"/>
      <operation id="getAccountNumber" match="{http://www.everythingeverywhere.com/crm/excalibur/service/Account/AccountRequest/v1.0}getAccountNumber"/>
      <operation id="getAccount" match="{http://www.everythingeverywhere.com/crm/excalibur/service/Account/AccountRequest/v1.0}getAccount"/>
      <operation id="checkCustomerCreditScore" match="{http://www.everythingeverywhere.com/crm/excalibur/service/Account/AccountRequest/v1.0}checkCustomerCreditScore"/>
      <operation id="getSubscribers" match="{http://www.everythingeverywhere.com/crm/excalibur/service/Account/AccountRequest/v1.0}getSubscribers"/>
      <operation id="getBillingEntities" match="{http://www.everythingeverywhere.com/crm/excalibur/service/Account/AccountRequest/v1.0}getBillingEntities"/>
      <operation id="getPaymentHistory" match="{http://www.everythingeverywhere.com/crm/excalibur/service/Account/AccountRequest/v1.0}getPaymentHistory"/>
      <operation id="updateCustomerContactDetails" match="{http://www.everythingeverywhere.com/crm/excalibur/service/Account/AccountRequest/v1.0}updateCustomerContactDetails"/>
      <operation id="updateCustomerAddress" match="{http://www.everythingeverywhere.com/crm/excalibur/service/Account/AccountRequest/v1.0}updateCustomerAddress"/>
      <operation id="createPaygAccount" match="{http://www.everythingeverywhere.com/crm/excalibur/service/Account/AccountRequest/v1.0}createPaygAccount"/>
      <operation id="createTemporaryTelephoneNumber" match="{http://www.everythingeverywhere.com/crm/excalibur/service/Account/AccountRequest/v1.0}createTemporaryTelephoneNumber"/>
      <operation id="getServiceControls" match="{http://www.everythingeverywhere.com/crm/excalibur/service/Account/AccountRequest/v1.0}getServiceControls"/>
      <operation id="getBilledUsage" match="{http://www.everythingeverywhere.com/crm/excalibur/service/Account/AccountRequest/v1.0}getBilledUsage"/>
      <operation id="deleteTemporaryTelephoneNumber" match="{http://www.everythingeverywhere.com/crm/excalibur/service/Account/AccountRequest/v1.0}deleteTemporaryTelephoneNumber"/>
      <operation id="processChargebackOnAccount" match="{http://www.everythingeverywhere.com/crm/excalibur/service/Account/AccountRequest/v1.0}processChargebackOnAccount"/>
      <operation id="takeOrderPayment" match="{http://www.everythingeverywhere.com/crm/excalibur/service/Account/AccountRequest/v1.0}takeOrderPayment"/>
      <!-- Added as part of Colorado-DE Project -->
      <operation id="getOrderHistory" match="{http://www.everythingeverywhere.com/crm/excalibur/service/Account/AccountRequest/v1.0}getOrderHistory"/>
      <!-- Added as part of Colorado ATP Project -->
      <operation id="createEquipmentOrderHistory" match="{http://www.everythingeverywhere.com/crm/excalibur/service/Account/AccountRequest/v1.0}createEquipmentOrderHistory"/>
      <operation id="activateInLifeOffer" match="{http://www.everythingeverywhere.com/crm/excalibur/service/Account/AccountRequest/v1.0}activateInLifeOffer"/>
      <!-- Security Uplifted -->
      <operation id="setAccountAuthenticationPassword" match="{http://www.everythingeverywhere.com/crm/excalibur/service/Account/AccountRequest/v1.0}setAccountAuthenticationPassword"/>
      <operation id="validateAuthenticationPassword" match="{http://www.everythingeverywhere.com/crm/excalibur/service/Account/AccountRequest/v1.0}validateAuthenticationPassword"/>
    </SOAP_operations>
    <payloadLog/>
  </service>
  <service id="Account-1_0" baseURI="/service/Account-1_0" domainId="IEXC" system="SPGI">
    <endPoint type="SOAP" protocol="https">
      <provider>EESEL</provider>
      <urlRewrite>/exc-crm/service/Account-1_0</urlRewrite>
      <timeout>40</timeout>
    </endPoint>
    <grammar href="www.everythingeverywhere.com/crm/excalibur/service/Account/1.0/Account.wsdl"/>
    <sslRequired>true</sslRequired>
    <SLMPolicy type="ConcurrentTransactions" warning="144" action="throttle" maximum="155"/>
    <CachePolicy/>
    <SOAP_operations>
      <operation id="getAccount" match="{http://www.everythingeverywhere.com/crm/excalibur/service/Account/AccountRequest/v1.0}getAccount"/>
      <operation id="getBillingEntities" match="{http://www.everythingeverywhere.com/crm/excalibur/service/Account/AccountRequest/v1.0}getBillingEntities"/>
      <operation id="getPaymentHistory" match="{http://www.everythingeverywhere.com/crm/excalibur/service/Account/AccountRequest/v1.0}getPaymentHistory"/>
      <operation id="takeOrderPayment" match="{http://www.everythingeverywhere.com/crm/excalibur/service/Account/AccountRequest/v1.0}takeOrderPayment"/>
      <operation id="updateCustomerAddress" match="{http://www.everythingeverywhere.com/crm/excalibur/service/Account/AccountRequest/v1.0}updateCustomerAddress"/>
      <!-- Added as part of Colorado-DE Project -->
      <operation id="getOrderHistory" match="{http://www.everythingeverywhere.com/crm/excalibur/service/Account/AccountRequest/v1.0}getOrderHistory"/>
      <!-- Added for Auto Switch EE Consumer (32452) -->
      <operation id="createTemporaryTelephoneNumber" match="{http://www.everythingeverywhere.com/crm/excalibur/service/Account/AccountRequest/v1.0}createTemporaryTelephoneNumber"/>
    </SOAP_operations>
    <payloadLog/>
  </service>
  <!--BT Service Expsoure - autogenerated -->
  <service system="SPG_EE" domainId="IEXC" id="Account-1_0" baseURI="/service/Account-1_0">
    <endPoint type="SOAP" protocol="https">
      <provider>BTSEL</provider>
      <urlRewrite>/exc-crm/service/Account-1_0</urlRewrite>
      <timeout>44</timeout>
    </endPoint>
    <grammar href="www.everythingeverywhere.com/crm/excalibur/service/Account/1.0/Account.wsdl"/>
    <sslRequired>true</sslRequired>
    <SLMPolicy type="ConcurrentTransactions" warning="144" action="throttle" maximum="155"/>
    <CachePolicy/>
    <SOAP_operations>
      <operation id="getAccount" match="{http://www.everythingeverywhere.com/crm/excalibur/service/Account/AccountRequest/v1.0}getAccount"/>
      <operation id="getBillingEntities" match="{http://www.everythingeverywhere.com/crm/excalibur/service/Account/AccountRequest/v1.0}getBillingEntities"/>
      <operation id="getPaymentHistory" match="{http://www.everythingeverywhere.com/crm/excalibur/service/Account/AccountRequest/v1.0}getPaymentHistory"/>
      <operation id="takeOrderPayment" match="{http://www.everythingeverywhere.com/crm/excalibur/service/Account/AccountRequest/v1.0}takeOrderPayment"/>
      <operation id="updateCustomerAddress" match="{http://www.everythingeverywhere.com/crm/excalibur/service/Account/AccountRequest/v1.0}updateCustomerAddress"/>
      <!-- Added as part of Colorado-DE Project -->
      <operation id="getOrderHistory" match="{http://www.everythingeverywhere.com/crm/excalibur/service/Account/AccountRequest/v1.0}getOrderHistory"/>
      <!-- Added for Auto Switch EE Consumer (32452) -->
      <operation id="createTemporaryTelephoneNumber" match="{http://www.everythingeverywhere.com/crm/excalibur/service/Account/AccountRequest/v1.0}createTemporaryTelephoneNumber"/>
    </SOAP_operations>
    <payloadLog/>
  </service>
</ServiceExposures>
