<?xml version="1.0" encoding="UTF-8"?>
<ServiceExposures xmlns:xsi="http://www.w3.org/2001/XMLSchema-instance" xsi:noNamespaceSchemaLocation="https://scmapp.eead.eeint.co.uk:19443/webservices/www.everythingeverywhere.com/common/servicecatalog/1.0/ServiceCatalogEntry.xsd">
  <service system="EESEL" domainId="TEST" baseURI="/service/HealthCheck-1_0" id="HealthCheck-1_0">
    <!--endpoint type="SOAP|REST" protocol https|http-->
    <endPoint type="SOAP" protocol="http">
      <provider>TEST-AS</provider>
      <urlRewrite>/HealthCheck_1_0/HealthCheck</urlRewrite>
      <timeout>10</timeout>
    </endPoint>
    <!--there can be only 1 wsdl file per service -->
    <grammar href="www.everythingeverywhere.com/common/service/infrastructure/HealthCheck/1.0/HealthCheck.wsdl"/>
    <!--Specify true if HTTPS must be used for this service, otherwise false-->
    <sslRequired>false</sslRequired>
    <SLMPolicy type="ConcurrentTransactions" action="throttle" maximum="10" warning="7"/>
    <CachePolicy/>
    <SOAP_operations>
      <operation id="healthCheck" match="{http://www.everythingeverywhere.com/common/infrastructure/HealthCheck/HealthCheckRequest/v1.0}healthCheck"/>
    </SOAP_operations>
    <!--List each client that should log payload. RegExp is used so .* will match all-->
    <payloadLog/>
  </service>
  <!--BT Service Expsoure - autogenerated -->
  <service system="BTSEL" domainId="TEST" id="HealthCheck-1_0" baseURI="/service/HealthCheck-1_0">
    <endPoint type="SOAP" protocol="http">
      <provider>TEST-AS</provider>
      <urlRewrite>/HealthCheck_1_0/HealthCheck</urlRewrite>
      <timeout>12</timeout>
    </endPoint>
    <grammar href="www.everythingeverywhere.com/common/service/infrastructure/HealthCheck/1.0/HealthCheck.wsdl"/>
    <sslRequired>false</sslRequired>
    <SLMPolicy type="ConcurrentTransactions" action="throttle" maximum="10" warning="7"/>
    <CachePolicy/>
    <SOAP_operations>
      <operation id="healthCheck" match="{http://www.everythingeverywhere.com/common/infrastructure/HealthCheck/HealthCheckRequest/v1.0}healthCheck"/>
    </SOAP_operations>
    <payloadLog/>
  </service>
  <!-- EXPOSE IIF SERVICE -->
  <service system="EESEL" domainId="TEST" baseURI="/service/IifHealthCheck-1_0" id="IifHealthCheck-1_0">
    <!--endpoint type="SOAP|REST" protocol https|http-->
    <endPoint type="SOAP" protocol="http">
      <provider>IIF</provider>
      <urlRewrite>/HealthCheck_1_0/HealthCheck</urlRewrite>
      <timeout>10</timeout>
    </endPoint>
    <!--there can be only 1 wsdl file per service -->
    <grammar href="www.everythingeverywhere.com/common/service/infrastructure/HealthCheck/1.0/HealthCheck.wsdl"/>
    <!--Specify true if HTTPS must be used for this service, otherwise false-->
    <sslRequired>false</sslRequired>
    <SLMPolicy type="ConcurrentTransactions" action="throttle" maximum="10" warning="7"/>
    <CachePolicy/>
    <SOAP_operations>
      <operation id="healthCheck" match="{http://www.everythingeverywhere.com/common/infrastructure/HealthCheck/HealthCheckRequest/v1.0}healthCheck"/>
    </SOAP_operations>
    <!--List each client that should log payload. RegExp is used so .* will match all-->
    <payloadLog/>
  </service>
  <!--BT Service Expsoure - autogenerated -->
  <service system="BTSEL" domainId="TEST" id="IifHealthCheck-1_0" baseURI="/service/IifHealthCheck-1_0">
    <endPoint type="SOAP" protocol="https">
      <provider>IIF</provider>
      <urlRewrite>//service/IifHealthCheck-1_0</urlRewrite>
      <timeout>12</timeout>
    </endPoint>
    <grammar href="www.everythingeverywhere.com/common/service/infrastructure/HealthCheck/1.0/HealthCheck.wsdl"/>
    <sslRequired>false</sslRequired>
    <SLMPolicy type="ConcurrentTransactions" action="throttle" maximum="10" warning="7"/>
    <CachePolicy/>
    <SOAP_operations>
      <operation id="healthCheck" match="{http://www.everythingeverywhere.com/common/infrastructure/HealthCheck/HealthCheckRequest/v1.0}healthCheck"/>
    </SOAP_operations>
    <payloadLog/>
  </service>
  <!-- EXPOSE BPO SERVICE -->
  <service system="EESEL" domainId="TEST" baseURI="/service/BpoHealthCheck-1_0" id="BpoHealthCheck-1_0">
    <!--endpoint type="SOAP|REST" protocol https|http-->
    <endPoint type="SOAP" protocol="http">
      <provider>AGGREGATION-BPO</provider>
      <urlRewrite>/ws/OUK_BPO_HealthCheck_Services.Interface.WSD:SCMHealthCheckBpo_1_0</urlRewrite>
      <timeout>10</timeout>
    </endPoint>
    <!--there can be only 1 wsdl file per service -->
    <grammar href="www.everythingeverywhere.com/common/service/infrastructure/HealthCheck/1.0/HealthCheck.wsdl"/>
    <!--Specify true if HTTPS must be used for this service, otherwise false-->
    <sslRequired>false</sslRequired>
    <SLMPolicy type="ConcurrentTransactions" action="throttle" maximum="10" warning="7"/>
    <CachePolicy/>
    <SOAP_operations>
      <operation id="healthCheck" match="{http://www.everythingeverywhere.com/common/infrastructure/HealthCheck/HealthCheckRequest/v1.0}healthCheck"/>
    </SOAP_operations>
    <!--List each client that should log payload. RegExp is used so .* will match all-->
    <payloadLog/>
  </service>
  <!--BT Service Expsoure - autogenerated -->
  <service system="BTSEL" domainId="TEST" id="BpoHealthCheck-1_0" baseURI="/service/BpoHealthCheck-1_0">
    <endPoint type="SOAP" protocol="https">
      <provider>AGGREGATION-BPO</provider>
      <urlRewrite>//service/BpoHealthCheck-1_0</urlRewrite>
      <timeout>12</timeout>
    </endPoint>
    <grammar href="www.everythingeverywhere.com/common/service/infrastructure/HealthCheck/1.0/HealthCheck.wsdl"/>
    <sslRequired>false</sslRequired>
    <SLMPolicy type="ConcurrentTransactions" action="throttle" maximum="10" warning="7"/>
    <CachePolicy/>
    <SOAP_operations>
      <operation id="healthCheck" match="{http://www.everythingeverywhere.com/common/infrastructure/HealthCheck/HealthCheckRequest/v1.0}healthCheck"/>
    </SOAP_operations>
    <payloadLog/>
  </service>
</ServiceExposures>
